Name,RefNum,Old_Section,Analysis,Equation,Units,Limiting Parameter,Limit Type,Limiting Parameter Value,Old_Time Per Acre Conversions,Old_Equation,Old_Function,Comment
adebayo,88,Feller Buncher,,30.04 + 0.2*(dbh^2)+ 8.3,,,,,,30.04 + 0.2*((dbh(m))^2)+ 8.3,adebayoFB,
adebayo,88,Harvester,Harvester,30.04 + 0.2*(dbh^2)+ 8.3,centi-Minutes/Acre,,,,adebayoHar(m)*treesRemoved(m)/60/60,30.04 + 0.2*((dbh(m))^2)+ 8.3,adebayoHar,These two are the same
akay,143,Feller Buncher,Feller Buncher,56.62*(log(twitchVolM))+322.09,m^3/PMH,twitchVolM,<,0.2,"ifelse(twitchVolM(m)<.2, (totalVolM(m))/akayFB(m), NA)",56.62*(log(twitchVolM(m)))+322.09,akayFB,
akay,146,Helicopter,,1.3721152 + (0.0126924*Percent.Slope) + (0.00246741*One.way.Yarding.Distance) + (0.031200*(3)) + (0.000060987 * (totalVol/12))-(0.000050837 * (totalVol/36)),,,,,," 1.3721152+(0.0126924*m$""Percent.Slope"")+(0.00246741*m$""One.way.Yarding.Distance"")+
    (0.031200*(3))+(0.000060987*(totalVol(m)/12))-(0.000050837*(totalVol(m)/36))",akayHeli,"nominal page 26, document page 31"
akay,143,Manual,,56.62*log(twitchVolM)+322.09,,,,,,56.62*(log(twitchVolM(m)))+322.09,akaySaw,Not sure why a single grip harvester equation would be in a Manual section; not sure this eqn is ever accessed
akay,143,Skidder,Skidder,(-0.1971+(1.1287*5)+((0.0045*twitchVolM*5))+(0.0063*(One.way.Yarding.Distance*2))),unknown1,One.way.Yarding.Distance,<,3500,"ifelse(m$""One.way.Yarding.Distance""<3500, akaySkid(m)*.4, NA)","-0.1971+(1.1287*5)+((0.0045*twitchVolM(m)*5))+(0.0063*(m$""One.way.Yarding.Distance""*2))",akaySkid,
akay,143,Skidder,,(-0.1971+(1.1287*5)+((0.0045*twitchVolM*5))+(0.0063*(One.way.Yarding.Distance*2))),,,,,,"(-0.1971+(1.1287*5)+((0.0045*twitchVolM(m)*5))+(0.0063*(m$""One.way.Yarding.Distance""*2)))",akaySkid2,"akaySkid2 was assigned twice, one matches akaySkid"
akay,145,Skidder,,0.012*(One.way.Yarding.Distance^-0.399)*(dbh^2.041)*(5^0.766),,,,,," 0.012*(m$""One.way.Yarding.Distance""^-0.399)*(dbh(m)^2.041)*(5^0.766)",akaySkid2,"akay wrote JF (via John Sessions) that ""I looked for the third equation for skidder and found out that it was slightly modified version of  Kluender et al. (1997). I attached that paper (Equation 5). """
aulerich,,Yarder,,0.826 + 0.006*(One.way.Yarding.Distance)+0.032*(One.way.Yarding.Distance)+0.897*(treesRemoved),,,,,,"  0.826+0.006*(m$One.way.Yarding.Distance)+0.032*(
    m$One.way.Yarding.Distance)+0.897*(treesRemoved(m))",aulerichYard,
aulerich,,Yarder,,1.925 + 0.002 * (One.way.Yarding.Distance) + 0.017*(One.way.Yarding.Distance) + 0.909*(treesRemoved),,,,,,"  1.925+0.002*(m$One.way.Yarding.Distance)+0.017*(
    m$One.way.Yarding.Distance)+0.909*(treesRemoved(m))",aulerichYard2,
aulerich,,Yarder,,1.210 + 0.009 * (One.way.Yarding.Distance) + 0.015 * (One.way.Yarding.Distance) + 0.253 * (treesRemoved),,,,,,"  1.210+0.009*(m$One.way.Yarding.Distance)+0.015*(
    m$One.way.Yarding.Distance)+0.253*(treesRemoved(m))",aulerichYard3,
behjou,90,Feller Buncher,,(-2.80 + (0.051 * (25.4 * dbh) + (0.039 * (distBetweenTrees/3.28084)))),,,,,,(-2.80+(0.051*(25.4*dbh(m)))+(0.039*(distBetweenTrees(m)/3.28084))),behjouFB,"CAUTION: This article is for manual felling, not feller-buncher; BUT, may have been used for large log trees in stands where feller-buncher was used for smaller trees?"
behjou,90,Manual,Manual,(-2.80 + (0.051 * (25.4 * dbh) + (0.039 * (distBetweenTrees/3.28084)))),min/tree,dbh.cm,>,40,"ifelse(dbh.cm(m)>40.00, ((treesRemoved(m)*behjouSaw(m))/60), NA)", -2.80+(0.051*(25.4*dbh(m)))+(0.039*(distBetweenTrees(m)/3.28084)),behjouSaw,
bolding,150,Chip,Chip,0.001*(totalVol*25),min/acre,,,,(boldingChip(m))/60,0.001*(totalVol(m)*25),boldingChip,This info is not found in REF 094
bolding,95,Feller Buncher,,.1765521 + (0.003786057 * dbh + (4.936639 * Percent.Slope * (sqrt(treesRemoved)))),,,,,,".1765521+(0.003786057*dbh(m))+(4.936639*m$""Percent.Slope""*(sqrt(treesRemoved(m))))",boldingFB,
bolding,95,Forwarder,Forwarder,.1761 + (0.00357 * dbh+(4.93 * Percent.Slope * (sqrt(treesRemoved)))),m^3/PMH,Percent.Slope,<,0,"ifelse(m$""Percent.Slope""<0,  totalVolM(mslope)/boldingFor(m), NA)",".1761+(0.00357*dbh(m))+(4.93*m$""Percent.Slope""*(sqrt(treesRemoved(m))))",boldingFor,
bolding,95,Equations,,.1765521 + (0.003786057 * dbh + (4.936639 * Percent.Slope * (sqrt(treesRemoved)))),,,,,,".1765521+(0.003786057*dbh(m))+(4.936639*m$""Percent.Slope""*(sqrt(treesRemoved(m))))",boldingHar,
bolding,95,Skidder,,.1761 + (0.00357 * dbh+(4.93 * Percent.Slope * (sqrt(treesRemoved)))),,,,,,".1761+(0.00357*dbh(m))+(4.93*m$""Percent.Slope""*(sqrt(treesRemoved(m))))",boldingSkid,
curtis,144,Helicopter,Helicopter,23.755 + 2.7716 * treesRemoved - 0.63694 * One.way.Yarding.Distance,min/acre,dbh.cm,>,20,"ifelse(dbh.cm(m)>20, curtisHeli(m)/60, NA)","23.755 + 2.7716*treesRemoved(m)-0.63694*(m$""One.way.Yarding.Distance"")",curtisHeli,
curtis,144,Yarder,Yarder,23.755 + (2.7716 * (1.5)) - (0.63694 * (One.way.Yarding.Distance)),logs/hour,One.way.Yarding.Distance,<,10,"ifelse(m$""One.way.Yarding.Distance""<10,treesRemoved(m)/curtisYarding(m),NA)","23.755 + (2.7716*(1.5))-(0.63694*(m$""One.way.Yarding.Distance""))",curtisYarding,
curtis,144,Yarder,Yarder2,11.138 + (7.1774*(1.5)) - (0.59976 * (One.way.Yarding.Distance)),logs/hour,One.way.Yarding.Distance,<,10,"ifelse(m$""One.way.Yarding.Distance""<10,treesRemoved(m)/curtisYarding2(m),NA)","11.138+(7.1774*(1.5))-(0.59976*(m$""One.way.Yarding.Distance""))",curtisYarding2,
drews,,Feller Buncher,,21.139 + 72.775 * totalVol,,,,,,21.139+72.775*(totalVol(m)),drewsFB,
drews,,Harvester,,21.139 + 72.775 * totalVol,,,,,,21.139+72.775*(totalVol(m)),drewsHar,
dykstra,,Feller Buncher,,2.39219 + 0.0019426 * Percent.Slope + One.way.Yarding.Distance + 0.030463 * treesRemoved,,,,,,"  2.39219+0.0019426*(m$""Percent.Slope"")+
    (m$""One.way.Yarding.Distance"")+0.030463*(treesRemoved(m))",dykstraFB,
dykstra,,Forwarder,,2.39219 + 0.0019426 * Percent.Slope + One.way.Yarding.Distance + 0.030463 * treesRemoved,,,,,,"  2.39219+0.0019426*(m$""Percent.Slope"")+
    (m$""One.way.Yarding.Distance"")+0.030463*(treesRemoved(m))",dykstraFor,
dykstra,146,Helicopter,Helicopter,1.3721152 + (0.0126924 * Percent.Slope) + (0.00246741 * One.way.Yarding.Distance) + (0.031200 * (3)) + (0.000060987*(totalVol/12)) - (0.000050837*(totalVol/36)),unknown2,twitchWeight,<,2900," ifelse((twitchWeight(m)<2900),
         (((((totalVol(m)/3)*(m$""Large.log.trees.per.acre""+m$""Small.log.trees.per.acre""))/190)*dykstraHeli(m))/60),
         NA)","  1.3721152+(0.0126924*m$""Percent.Slope"")+(0.00246741*m$""One.way.Yarding.Distance"")+
    (0.031200*(3))+(0.000060987*(totalVol(m)/12))-(0.000050837*(totalVol(m)/36))",dykstraHeli,
dykstra,,Yarder,,2.39219 + 0.0019426 * Percent.Slope + One.way.Yarding.Distance + 0.030463 * treesRemoved,,,,,,"  2.39219+0.0019426*(m$""Percent.Slope"")+
    (m$""One.way.Yarding.Distance"")+0.030463*(treesRemoved(m))",dykstraYarding,
fisher,,Forwarder,,2.374 + (0.00841141 * One.way.Yarding.Distance + (0.72548570*1.35)),,,,,,"2.374+(0.00841141*(m$""One.way.Yarding.Distance""))+(0.72548570*(1.35))",fisherFor,
fisher,,Skidder,,2.374 + (0.00841141 * One.way.Yarding.Distance + (0.72548570*1.35)),,,,,,"2.374+(0.00841141*(m$""One.way.Yarding.Distance""))+(0.72548570*(1.35))",fisherSkid,
fisher,147,Yarder,Yarder,2.374 + (0.00841141 * One.way.Yarding.Distance + (0.72548570*1.35)),Turn time minutes,,,,"((((m$""Small.log.trees.per.acre""+m$""Large.log.trees.per.acre"")/1.35)*fisherYarder(m))/120)","2.374+(0.00841141*(m$""One.way.Yarding.Distance""))+(0.72548570*(1.35))",fisherYarder,
flatten,32,Helicopter,Helicopter,40.737274 + (0.0168951 * One.way.Yarding.Distance)+((totalWeight/12)*2.052894)+(22.658839),sec/acre,twitchWeight,<,2900,"ifelse((twitchWeight(m)<2900), flattenHeli(m)/3600, NA)","40.737274+(0.0168951*m$""One.way.Yarding.Distance"")+((totalWeight(m)/12)*2.052894)+(22.658839)",flattenHeli,in section 5.5.4.2; choker delivery is costed as happening with each turn-- correct?
ghaf,37,Slide Boom Processor,Slide Boom Processor,23.297/twitchVolM,min/acre,twitchVolM,<,3,"ifelse(twitchVolM(m)<3, ghafLoad(m)/60, NA)",23.297/twitchVolM(m),ghafLoad,
ghaf,??,Manual,Manual,(-1.582+(0.099*dbh.cm)),unknown3,dbh.cm,>,25,"ifelse(dbh.cm(m)>25, ((ghafSaw(m)*treesRemoved(m))/180), NA)",(-1.582+(0.099*dbh.cm(m))),ghafSaw,not found in the article with the other eqns from this author
ghaf,37,Skidder,Skidder,13.027 + (0.035 * (One.way.Yarding.Distance * 2))+(0.847 * (Percent.Slope))+(0.551 * (twitchVolM * 5)),unknown5,Percent.Slope,<,45,"ifelse(m$""Percent.Slope""<45, totalVolM(m)/(twitchVolM(m)*30)*ghafSkid(m)/60, NA)","13.027+(0.035*(m$""One.way.Yarding.Distance""*2))+(0.847*(m$""Percent.Slope""))+(0.551*(twitchVolM(m)*5))",ghafSkid,
hansill,,Equations,Chip,2.32 + (-0.42 * 1.79)+(1.83 * dbh.cm),sec/chip,dbh.cm,<,76,"ifelse(dbh.cm(m)<76, ((chipTrees(m)*hansillChip(m))/60/60), NA)",2.32+(-0.42*1.79)+(1.83*dbh.cm(m)),hansillChip,
hansill,,Equations,Chip2,2.4 + (-0.32 * 1.4)+(1.3 * dbh.cm),min/chip,dbh.cm,<,76,"ifelse(dbh.cm(m)<76, ((chipTrees(m)*hansillChip2(m))/60), NA)",2.4+(-0.32*1.4)+(1.3*dbh.cm(m)),hansillChip2,
hartsough,43,Feller Buncher,Feller Buncher,0.324 + 0.00138 * (dbh^2),min/tree,,,,(hartsoughFB(m)*treesRemoved(m))/60,0.324+0.00138*(dbh(m)^2),hartsoughFB,
hartsough,43,Manual,Manual,0.1 + 0.0111 * (dbh^1.496),min/tree,,,,(hartsoughSaw(m)*treesRemoved(m))/60,0.1+0.0111*(dbh(m)^1.496),hartsoughSaw,
hartsough,43,Slide Boom Processor,Slide Boom Processor,0.141 + 0.0298 * dbh,unknown4,,,,hartsoughSlide(m)*30,  0.141+0.0298*dbh(m),hartsoughSlide,
hiesl,45,Feller Buncher,,exp((-0.826+.309*(dbh))+0.386*sppgrp),,,,,,exp((-0.826+.309*(dbh(m)))+0.386*sppgrp(m)),hieslFB,
hiesl,45,Skidder,Skidder,exp(1.754 * (-0.0005*One.way.Yarding.Distance)) + (0.755 * twitchVol),Cords/PMH,,,,cordsPerAcre(m)/hieslGrapCord(m),"exp(1.754*(-0.0005*m$""One.way.Yarding.Distance""))+(0.755*twitchVol(m))",hieslGrapCord,
hiesl,45,Equations,,exp((-0.826+.309 * (dbh)) + 0.386*sppgrp),Cords/PMH,,,,cordsPerAcre(m)/hieslHarCord2(m),exp((-0.826+.309*(dbh(m)))+0.386*sppgrp(m)),hieslHarCord2,
iff,??,Forwarder,,1.054 + .00234 * One.way.Yarding.Distance + 0.01180 * 97 + 0.980 * treesRemoved + .00069 * totalWeight,,,,,,"  1.054+.00234*(m$One.way.Yarding.Distance)+0.01180*(97)+0.980*(
    treesRemoved(m))+.00069*(totalWeight(m))",iffFor,
iff,??,Yarder,,1.054 + .00234 * One.way.Yarding.Distance + 0.01180 * 97 + 0.980 * treesRemoved + .00069 * totalWeight,,,,,,"  1.054+.00234*(m$One.way.Yarding.Distance)+0.01180*(97)+0.980*(
    treesRemoved(m))+.00069*(totalWeight(m))",iffYard,
jen,,Forwarder,,,,,,,,"8.33+(10.0111*(""TPA""))",jenFor,No TPA variable
jirousek,50,Forwarder,Forwarder,abs(-7.6881 * log(One.way.Yarding.Distance * 0.3048) + 64.351),m^3/PMH,,,,totalVolM(m)/jirousekFor(m),"abs(-7.6881*log((m$""One.way.Yarding.Distance""*0.3048))+64.351)",jirousekFor,
jirousek,50,Forwarder,Forwarder2,10.5193 * (One.way.Yarding.Distance^(24.9181/One.way.Yarding.Distance)),m^3/PMH,Percent.Slope,<,45,"ifelse(m$""Percent.Slope""<45, totalVolM(m)/jirousekFor2(m), NA)","10.5193*(m$""One.way.Yarding.Distance""^(24.9181/m$""One.way.Yarding.Distance""))",jirousekFor2,
jirousek,50,Forwarder,Forwarder3,17.0068 * (One.way.Yarding.Distance^(13.2533/Percent.Slope)),m^3/PMH,Percent.Slope,<,45,"ifelse(m$""Percent.Slope""<45, totalVolM(m)/jirousekFor3(m), NA)"," 17.0068*(m$""One.way.Yarding.Distance""^(13.2533/m$""Percent.Slope""))",jirousekFor3,
jirousek,50,Equations,Harvester,60.711 * (twitchVolM^0.6545),m^3/PMH,twitchVolM,<,1.4,"ifelse(twitchVolM(m)<1.4, (totalVolM(m)/jirousekHar(m)), NA)",60.711*(twitchVolM(m)^0.6545),jirousekHar,
karha,51,Feller Buncher,,0.422 + (0.1126 * (twitchVolM * 1000)),,,,,,0.422+(0.1126*(twitchVolM(m)*1000)),karhaFB,
karha,51,Harvester,Harvester,0.288 + (0.1004 * (Percent.Slope/0.001)) + (-0.00008*(twitchVolM/0.001)^2),m^3/PMH,twitchVolM,<,0,"ifelse(twitchVolM(m)<.0, (totalVol(m)*0.0283168)/karhaHar(m), NA)","0.288+(0.1004*(m$""Percent.Slope""/0.001))+(-0.00008*(twitchVolM(m)/0.001)^2)",karhaHar,
karha,51,Harvester,,0.181 * Percent.Slope + (0.1315 * (twitchVolM * 1000)),m^3/PMH,twitchVolM,<,40,"ifelse(twitchVolM(m)<40, (totalVolM(m))/karhaHar2(m), NA)","0.181*m$""Percent.Slope""+(0.1315*(twitchVolM(m)*1000))",karhaHar2,
karha,51,Harvester,,0.422 + (0.1126 * (twitchVolM * 1000)),m^3/PMH,twitchVolM,<,40,"ifelse(twitchVolM(m)<40, (totalVolM(m))/karhaHar3(m), NA)",0.422+(0.1126*(twitchVolM(m)*1000)),karhaHar3,
klepac,54,Harvester,Harvester,24.796 + 0.331419 * dbh ^ 2,sec/tree,,,,((klepacHar(m)*treesRemoved(m))/60)/60,24.796+0.331419*(dbh(m)^2),klepacHar,Assigned to two separate functions; TYPO relative to source
klepac,55,Harvester,Harvester2,abs((0.0076197 * One.way.Yarding.Distance - 0.6073183873)+(0.00735 * (distBetweenTrees * 4) + 0.5438016119) + (0.0121066 * One.way.Yarding.Distance - 1.651069636)),sec/tree,,,,((klepacHar(m)*treesRemoved(m))/60)/60,"  abs(
    (0.0076197*m$""One.way.Yarding.Distance""-0.6073183873)+
      (0.00735*(distBetweenTrees(m)*4)+0.5438016119)+
      (0.0121066*m$""One.way.Yarding.Distance""-1.651069636)
  )",klepacHar,
klepac,54,Equations,,24.796 + 0.331419 * (dbh^2),sec/tree,,,,,24.796+0.331419*(dbh(m)^2),klepacSaw,
klepac,55,Skidder,Skidder,abs((0.0076197 * One.way.Yarding.Distance - 0.6073183873)+(0.00735 * (distBetweenTrees * 4) + 0.5438016119) + (0.0121066 * One.way.Yarding.Distance - 1.651069636)),,Percent.Slope,<,0,"ifelse(m$""Percent.Slope""<0, treesRemoved(m)/(klepacSkid(m)*15), NA)","  abs(
    (0.0076197*m$""One.way.Yarding.Distance""-0.6073183873)+
      (0.00735*(distBetweenTrees(m)*4)+0.5438016119)+
      (0.0121066*m$""One.way.Yarding.Distance""-1.651069636)
  )",klepacSkid,This equation is for predicting EMPTY travel time!
kluender,57,Forwarder,,(0.017 * ((One.way.Yarding.Distance^(-0.574))) * 2) * (dbh.cm^2.002),,,,,,"(0.017*((m$""One.way.Yarding.Distance""^-0.574))*2)*(dbh.cm(m)^2.002)",kluenderFor,
kluender,57,Manual,Manual,(0.016 * ((dbh * 2.54)^1.33)) * (distBetweenTrees^0.083)*(.5^0.196),min/tree,,,,(kluenderSaw(m)*treesRemoved(m))/60,"(0.016*((dbh(m)*2.54)^1.33))*
    (distBetweenTrees(m)^0.083)*(.5^0.196)",kluenderSaw,Is distance between trees in OC metric?
kluender,57,Skidder,Skidder,(0.017 * ((One.way.Yarding.Distance^(-0.574))) * 2) * (dbh.cm^2.002),,Percent.Slope,<,45,"ifelse(m$""Percent.Slope""<45, kluenderSkid(m), NA)","(0.017*((m$""One.way.Yarding.Distance""^-0.574))*2)*(dbh.cm(m)^2.002)",kluenderSkid,
spinelli,??,Manual,,30.04 + 0.2*(dbh^2)+ 8.3,,,,,,30.04 + 0.2*((dbh(m))^2)+ 8.3,spinelliSaw,Same as adebayo
stokes,??,Feller Buncher,Feller Buncher,2.80 * (One.way.Yarding.Distance)^0.574,min/acre,Percent.Slope,<,45,"(ifelse(m$""Percent.Slope""<45, stokesFB(m)/60, NA))","2.80*(m$""One.way.Yarding.Distance"")^0.574",stokesFB,
suchomel,148,Slide Boom Processor,Slide Boom Processor,twitchVolM/19.8,,,,,suchomelSlide(m),twitchVolM(m)/19.8,suchomelSlide,
tin,??,Forwarder,,.801-Percent.Slope,,,,,,".801-(""Percent.Slope"")",tinFor,
tin,??,Skidder,,sqrt(3.3 * (7.3 + One.way.Yarding.Distance)),,,,,,"sqrt(3.3*(7.3+m$""One.way.Yarding.Distance""))",tinSkid,
,149,Tethered?,Tethered,((1.43*(twitchVol*.901)+(132.75))/60*278.95)+((0.05*(2*One.way.Yarding.Distance)+4.06*(.03*twitchVol)+2.19*twitchVol)/60*198.11),,,,,,,,
